,Test_index,Insect
0,7000,1
1,7001,0
2,7002,0
3,7003,2
4,7004,0
5,7005,1
6,7006,0
7,7007,1
8,7008,0
9,7009,0
10,7010,2
11,7011,1
12,7012,0
13,7013,1
14,7014,1
15,7015,0
16,7016,1
17,7017,0
18,7018,0
19,7019,1
20,7020,0
21,7021,0
22,7022,0
23,7023,1
24,7024,1
25,7025,1
26,7026,0
27,7027,1
28,7028,1
29,7029,0
30,7030,1
31,7031,1
32,7032,1
33,7033,1
34,7034,0
35,7035,0
36,7036,0
37,7037,1
38,7038,1
39,7039,0
40,7040,0
41,7041,0
42,7042,1
43,7043,1
44,7044,0
45,7045,1
46,7046,0
47,7047,1
48,7048,1
49,7049,1
50,7050,0
51,7051,1
52,7052,1
53,7053,0
54,7054,0
55,7055,1
56,7056,2
57,7057,0
58,7058,1
59,7059,0
60,7060,0
61,7061,1
62,7062,1
63,7063,1
64,7064,0
65,7065,0
66,7066,1
67,7067,1
68,7068,1
69,7069,1
70,7070,2
71,7071,0
72,7072,0
73,7073,0
74,7074,0
75,7075,0
76,7076,0
77,7077,1
78,7078,1
79,7079,0
80,7080,1
81,7081,0
82,7082,0
83,7083,1
84,7084,0
85,7085,2
86,7086,0
87,7087,1
88,7088,1
89,7089,1
90,7090,0
91,7091,1
92,7092,0
93,7093,0
94,7094,1
95,7095,1
96,7096,1
97,7097,0
98,7098,0
99,7099,2
100,7100,0
101,7101,1
102,7102,1
103,7103,0
104,7104,0
105,7105,0
106,7106,0
107,7107,1
108,7108,2
109,7109,2
110,7110,1
111,7111,0
112,7112,1
113,7113,0
114,7114,0
115,7115,1
116,7116,1
117,7117,1
118,7118,0
119,7119,0
120,7120,0
121,7121,1
122,7122,1
123,7123,1
124,7124,1
125,7125,0
126,7126,1
127,7127,2
128,7128,0
129,7129,1
130,7130,0
131,7131,0
132,7132,1
133,7133,0
134,7134,1
135,7135,1
136,7136,1
137,7137,0
138,7138,1
139,7139,0
140,7140,0
141,7141,1
142,7142,1
143,7143,0
144,7144,0
145,7145,2
146,7146,0
147,7147,0
148,7148,0
149,7149,1
150,7150,0
151,7151,1
152,7152,0
153,7153,0
154,7154,1
155,7155,1
156,7156,1
157,7157,0
158,7158,0
159,7159,1
160,7160,0
161,7161,0
162,7162,0
163,7163,1
164,7164,0
165,7165,0
166,7166,1
167,7167,0
168,7168,0
169,7169,1
170,7170,0
171,7171,0
172,7172,1
173,7173,0
174,7174,0
175,7175,1
176,7176,1
177,7177,1
178,7178,1
179,7179,1
180,7180,1
181,7181,0
182,7182,0
183,7183,0
184,7184,0
185,7185,2
186,7186,0
187,7187,0
188,7188,2
189,7189,1
190,7190,0
191,7191,1
192,7192,2
193,7193,0
194,7194,0
195,7195,2
196,7196,0
197,7197,1
198,7198,1
199,7199,0
200,7200,1
201,7201,0
202,7202,1
203,7203,1
204,7204,1
205,7205,0
206,7206,1
207,7207,1
208,7208,1
209,7209,1
210,7210,0
211,7211,1
212,7212,0
213,7213,1
214,7214,1
215,7215,0
216,7216,1
217,7217,0
218,7218,1
219,7219,0
220,7220,0
221,7221,1
222,7222,1
223,7223,0
224,7224,0
225,7225,0
226,7226,1
227,7227,1
228,7228,2
229,7229,1
230,7230,0
231,7231,0
232,7232,0
233,7233,1
234,7234,0
235,7235,0
236,7236,1
237,7237,1
238,7238,1
239,7239,1
240,7240,0
241,7241,0
242,7242,1
243,7243,1
244,7244,0
245,7245,1
246,7246,1
247,7247,0
248,7248,0
249,7249,1
250,7250,0
251,7251,0
252,7252,1
253,7253,1
254,7254,1
255,7255,1
256,7256,1
257,7257,1
258,7258,2
259,7259,0
260,7260,0
261,7261,0
262,7262,1
263,7263,1
264,7264,0
265,7265,0
266,7266,1
267,7267,1
268,7268,0
269,7269,0
270,7270,0
271,7271,0
272,7272,1
273,7273,0
274,7274,1
275,7275,0
276,7276,2
277,7277,0
278,7278,0
279,7279,1
280,7280,2
281,7281,1
282,7282,1
283,7283,0
284,7284,1
285,7285,2
286,7286,0
287,7287,1
288,7288,0
289,7289,0
290,7290,0
291,7291,0
292,7292,1
293,7293,0
294,7294,1
295,7295,1
296,7296,0
297,7297,1
298,7298,1
299,7299,1
300,7300,0
301,7301,0
302,7302,0
303,7303,0
304,7304,2
305,7305,1
306,7306,1
307,7307,1
308,7308,1
309,7309,0
310,7310,1
311,7311,0
312,7312,0
313,7313,1
314,7314,0
315,7315,0
316,7316,0
317,7317,2
318,7318,1
319,7319,1
320,7320,0
321,7321,1
322,7322,1
323,7323,1
324,7324,0
325,7325,0
326,7326,0
327,7327,0
328,7328,0
329,7329,0
330,7330,1
331,7331,0
332,7332,0
333,7333,1
334,7334,1
335,7335,1
336,7336,2
337,7337,1
338,7338,1
339,7339,0
340,7340,0
341,7341,0
342,7342,0
343,7343,0
344,7344,1
345,7345,1
346,7346,1
347,7347,0
348,7348,0
349,7349,0
350,7350,1
351,7351,1
352,7352,1
353,7353,0
354,7354,2
355,7355,1
356,7356,0
357,7357,1
358,7358,1
359,7359,1
360,7360,1
361,7361,1
362,7362,0
363,7363,1
364,7364,1
365,7365,0
366,7366,0
367,7367,2
368,7368,0
369,7369,0
370,7370,1
371,7371,1
372,7372,0
373,7373,0
374,7374,0
375,7375,1
376,7376,0
377,7377,0
378,7378,0
379,7379,0
380,7380,1
381,7381,0
382,7382,0
383,7383,1
384,7384,1
385,7385,0
386,7386,0
387,7387,0
388,7388,0
389,7389,0
390,7390,1
391,7391,1
392,7392,0
393,7393,2
394,7394,1
395,7395,0
396,7396,1
397,7397,0
398,7398,0
399,7399,0
400,7400,1
401,7401,1
402,7402,1
403,7403,1
404,7404,1
405,7405,1
406,7406,0
407,7407,0
408,7408,1
409,7409,1
410,7410,0
411,7411,2
412,7412,1
413,7413,0
414,7414,1
415,7415,2
416,7416,1
417,7417,1
418,7418,0
419,7419,1
420,7420,0
421,7421,0
422,7422,1
423,7423,1
424,7424,0
425,7425,0
426,7426,0
427,7427,1
428,7428,0
429,7429,0
430,7430,1
431,7431,0
432,7432,0
433,7433,0
434,7434,2
435,7435,0
436,7436,1
437,7437,2
438,7438,0
439,7439,0
440,7440,1
441,7441,1
442,7442,2
443,7443,1
444,7444,1
445,7445,0
446,7446,1
447,7447,0
448,7448,1
449,7449,0
450,7450,0
451,7451,0
452,7452,0
453,7453,1
454,7454,1
455,7455,0
456,7456,0
457,7457,0
458,7458,0
459,7459,1
460,7460,1
461,7461,0
462,7462,1
463,7463,1
464,7464,1
465,7465,0
466,7466,0
467,7467,0
468,7468,1
469,7469,0
470,7470,0
471,7471,0
472,7472,0
473,7473,1
474,7474,1
475,7475,1
476,7476,0
477,7477,1
478,7478,1
479,7479,0
480,7480,1
481,7481,0
482,7482,1
483,7483,1
484,7484,1
485,7485,0
486,7486,0
487,7487,1
488,7488,1
489,7489,1
490,7490,0
491,7491,0
492,7492,0
493,7493,0
494,7494,1
495,7495,1
496,7496,1
497,7497,0
498,7498,1
499,7499,1
500,7500,0
501,7501,1
502,7502,0
503,7503,0
504,7504,0
505,7505,1
506,7506,0
507,7507,1
508,7508,0
509,7509,1
510,7510,0
511,7511,1
512,7512,0
513,7513,0
514,7514,1
515,7515,0
516,7516,1
517,7517,0
518,7518,0
519,7519,2
520,7520,0
521,7521,1
522,7522,0
523,7523,0
524,7524,0
525,7525,1
526,7526,0
527,7527,1
528,7528,0
529,7529,0
530,7530,1
531,7531,0
532,7532,1
533,7533,1
534,7534,1
535,7535,0
536,7536,1
537,7537,1
538,7538,1
539,7539,0
540,7540,1
541,7541,0
542,7542,1
543,7543,1
544,7544,0
545,7545,1
546,7546,1
547,7547,1
548,7548,1
549,7549,0
550,7550,0
551,7551,1
552,7552,0
553,7553,1
554,7554,1
555,7555,0
556,7556,1
557,7557,1
558,7558,1
559,7559,0
560,7560,1
561,7561,1
562,7562,1
563,7563,2
564,7564,0
565,7565,0
566,7566,1
567,7567,1
568,7568,1
569,7569,0
570,7570,0
571,7571,0
572,7572,1
573,7573,0
574,7574,0
575,7575,0
576,7576,0
577,7577,0
578,7578,0
579,7579,0
580,7580,1
581,7581,1
582,7582,0
583,7583,1
584,7584,0
585,7585,0
586,7586,1
587,7587,0
588,7588,0
589,7589,1
590,7590,0
591,7591,0
592,7592,1
593,7593,1
594,7594,0
595,7595,0
596,7596,0
597,7597,0
598,7598,0
599,7599,1
600,7600,0
601,7601,1
602,7602,0
603,7603,0
604,7604,1
605,7605,0
606,7606,1
607,7607,1
608,7608,0
609,7609,0
610,7610,0
611,7611,1
612,7612,1
613,7613,1
614,7614,1
615,7615,0
616,7616,0
617,7617,1
618,7618,0
619,7619,1
620,7620,1
621,7621,1
622,7622,1
623,7623,1
624,7624,2
625,7625,0
626,7626,1
627,7627,1
628,7628,1
629,7629,1
630,7630,0
631,7631,0
632,7632,2
633,7633,2
634,7634,2
635,7635,0
636,7636,1
637,7637,1
638,7638,0
639,7639,1
640,7640,1
641,7641,1
642,7642,0
643,7643,0
644,7644,0
645,7645,1
646,7646,1
647,7647,0
648,7648,0
649,7649,0
650,7650,2
651,7651,0
652,7652,1
653,7653,0
654,7654,1
655,7655,0
656,7656,0
657,7657,0
658,7658,1
659,7659,1
660,7660,1
661,7661,2
662,7662,1
663,7663,1
664,7664,0
665,7665,0
666,7666,0
667,7667,0
668,7668,1
669,7669,0
670,7670,2
671,7671,1
672,7672,0
673,7673,0
674,7674,1
675,7675,0
676,7676,2
677,7677,1
678,7678,1
679,7679,1
680,7680,1
681,7681,1
682,7682,0
683,7683,0
684,7684,0
685,7685,0
686,7686,1
687,7687,1
688,7688,1
689,7689,0
690,7690,1
691,7691,0
692,7692,1
693,7693,1
694,7694,0
695,7695,0
696,7696,0
697,7697,0
698,7698,0
699,7699,0
700,7700,0
701,7701,0
702,7702,1
703,7703,0
704,7704,1
705,7705,0
706,7706,1
707,7707,0
708,7708,1
709,7709,0
710,7710,1
711,7711,1
712,7712,1
713,7713,1
714,7714,1
715,7715,1
716,7716,1
717,7717,0
718,7718,0
719,7719,0
720,7720,0
721,7721,0
722,7722,1
723,7723,1
724,7724,0
725,7725,0
726,7726,1
727,7727,0
728,7728,0
729,7729,0
730,7730,1
731,7731,2
732,7732,0
733,7733,1
734,7734,1
735,7735,1
736,7736,1
737,7737,0
738,7738,0
739,7739,0
740,7740,2
741,7741,1
742,7742,1
743,7743,0
744,7744,0
745,7745,0
746,7746,0
747,7747,0
748,7748,1
749,7749,1
750,7750,0
751,7751,2
752,7752,2
753,7753,0
754,7754,1
755,7755,1
756,7756,0
757,7757,0
758,7758,1
759,7759,1
760,7760,1
761,7761,0
762,7762,1
763,7763,1
764,7764,2
765,7765,1
766,7766,1
767,7767,0
768,7768,2
769,7769,0
770,7770,1
771,7771,0
772,7772,0
773,7773,0
774,7774,1
775,7775,1
776,7776,0
777,7777,1
778,7778,2
779,7779,0
780,7780,0
781,7781,0
782,7782,1
783,7783,1
784,7784,1
785,7785,0
786,7786,1
787,7787,2
788,7788,0
789,7789,0
790,7790,0
791,7791,1
792,7792,1
793,7793,0
794,7794,0
795,7795,0
796,7796,1
797,7797,0
798,7798,0
799,7799,1
800,7800,1
801,7801,0
802,7802,1
803,7803,0
804,7804,0
805,7805,0
806,7806,0
807,7807,1
808,7808,1
809,7809,0
810,7810,2
811,7811,0
812,7812,0
813,7813,0
814,7814,0
815,7815,1
816,7816,0
817,7817,0
818,7818,1
819,7819,1
820,7820,0
821,7821,0
822,7822,1
823,7823,0
824,7824,1
825,7825,1
826,7826,0
827,7827,0
828,7828,1
829,7829,0
830,7830,0
831,7831,0
832,7832,1
833,7833,1
834,7834,0
835,7835,1
836,7836,0
837,7837,0
838,7838,0
839,7839,0
840,7840,0
841,7841,0
842,7842,0
843,7843,1
844,7844,1
845,7845,0
846,7846,0
847,7847,1
848,7848,0
849,7849,1
850,7850,0
851,7851,0
852,7852,0
853,7853,0
854,7854,0
855,7855,0
856,7856,1
857,7857,0
858,7858,0
859,7859,0
860,7860,1
861,7861,0
862,7862,0
863,7863,1
864,7864,2
865,7865,1
866,7866,1
867,7867,0
868,7868,0
869,7869,0
870,7870,1
871,7871,1
872,7872,1
873,7873,0
874,7874,0
875,7875,0
876,7876,0
877,7877,1
878,7878,1
879,7879,0
880,7880,0
881,7881,0
882,7882,1
883,7883,0
884,7884,0
885,7885,1
886,7886,0
887,7887,0
888,7888,0
889,7889,1
890,7890,0
891,7891,1
892,7892,1
893,7893,2
894,7894,1
895,7895,1
896,7896,0
897,7897,1
898,7898,1
899,7899,1
900,7900,0
901,7901,1
902,7902,1
903,7903,0
904,7904,0
905,7905,1
906,7906,0
907,7907,0
908,7908,0
909,7909,0
910,7910,0
911,7911,1
912,7912,1
913,7913,1
914,7914,0
915,7915,1
916,7916,1
917,7917,1
918,7918,0
919,7919,0
920,7920,0
921,7921,1
922,7922,0
923,7923,1
924,7924,1
925,7925,1
926,7926,0
927,7927,1
928,7928,1
929,7929,0
930,7930,0
931,7931,1
932,7932,0
933,7933,0
934,7934,0
935,7935,1
936,7936,0
937,7937,1
938,7938,1
939,7939,1
940,7940,1
941,7941,1
942,7942,0
943,7943,1
944,7944,0
945,7945,2
946,7946,1
947,7947,1
948,7948,1
949,7949,1
950,7950,1
951,7951,1
952,7952,1
953,7953,1
954,7954,1
955,7955,0
956,7956,0
957,7957,1
958,7958,1
959,7959,1
960,7960,0
961,7961,0
962,7962,0
963,7963,0
964,7964,1
965,7965,2
966,7966,0
967,7967,0
968,7968,0
969,7969,1
970,7970,0
971,7971,1
972,7972,1
973,7973,1
974,7974,0
975,7975,0
976,7976,0
977,7977,1
978,7978,1
979,7979,0
980,7980,1
981,7981,2
982,7982,0
983,7983,0
984,7984,0
985,7985,0
986,7986,0
987,7987,1
988,7988,1
989,7989,1
990,7990,0
991,7991,0
992,7992,1
993,7993,0
994,7994,1
995,7995,0
996,7996,1
997,7997,1
998,7998,1
999,7999,1
1000,8000,1
1001,8001,1
1002,8002,0
1003,8003,1
1004,8004,1
1005,8005,0
1006,8006,0
1007,8007,2
1008,8008,0
1009,8009,1
1010,8010,1
1011,8011,0
1012,8012,2
1013,8013,1
1014,8014,1
1015,8015,0
1016,8016,0
1017,8017,1
1018,8018,1
1019,8019,2
1020,8020,1
1021,8021,1
1022,8022,1
1023,8023,1
1024,8024,0
1025,8025,0
1026,8026,0
1027,8027,1
1028,8028,0
1029,8029,1
1030,8030,1
1031,8031,1
1032,8032,0
1033,8033,1
1034,8034,1
1035,8035,0
1036,8036,0
1037,8037,1
1038,8038,1
1039,8039,1
1040,8040,0
1041,8041,0
1042,8042,1
1043,8043,0
1044,8044,0
1045,8045,0
1046,8046,0
1047,8047,0
1048,8048,1
1049,8049,0
1050,8050,1
1051,8051,1
1052,8052,1
1053,8053,0
1054,8054,1
1055,8055,0
1056,8056,1
1057,8057,0
1058,8058,1
1059,8059,1
1060,8060,0
1061,8061,1
1062,8062,1
1063,8063,0
1064,8064,2
1065,8065,0
1066,8066,1
1067,8067,0
1068,8068,1
1069,8069,1
1070,8070,1
1071,8071,1
1072,8072,0
1073,8073,0
1074,8074,0
1075,8075,0
1076,8076,1
1077,8077,0
1078,8078,0
1079,8079,0
1080,8080,1
1081,8081,0
1082,8082,2
1083,8083,0
1084,8084,0
1085,8085,1
1086,8086,0
1087,8087,1
1088,8088,1
1089,8089,1
1090,8090,1
1091,8091,1
1092,8092,1
1093,8093,0
1094,8094,0
1095,8095,0
1096,8096,0
1097,8097,0
1098,8098,1
1099,8099,0
1100,8100,0
1101,8101,2
1102,8102,0
1103,8103,0
1104,8104,1
1105,8105,0
1106,8106,0
1107,8107,1
1108,8108,0
1109,8109,1
1110,8110,1
1111,8111,0
1112,8112,1
1113,8113,1
1114,8114,0
1115,8115,1
1116,8116,0
1117,8117,1
1118,8118,0
1119,8119,0
1120,8120,0
1121,8121,0
1122,8122,0
1123,8123,0
1124,8124,0
1125,8125,1
1126,8126,1
1127,8127,1
1128,8128,1
1129,8129,1
1130,8130,1
1131,8131,0
1132,8132,0
1133,8133,1
1134,8134,1
1135,8135,0
1136,8136,0
1137,8137,1
1138,8138,1
1139,8139,1
1140,8140,1
1141,8141,0
1142,8142,0
1143,8143,2
1144,8144,1
1145,8145,0
1146,8146,0
1147,8147,1
1148,8148,2
1149,8149,0
1150,8150,1
1151,8151,0
1152,8152,1
1153,8153,1
1154,8154,1
1155,8155,0
1156,8156,0
1157,8157,1
1158,8158,0
1159,8159,0
1160,8160,1
1161,8161,0
1162,8162,2
1163,8163,0
1164,8164,0
1165,8165,1
1166,8166,0
1167,8167,1
1168,8168,1
1169,8169,1
1170,8170,0
1171,8171,0
1172,8172,1
1173,8173,0
1174,8174,1
1175,8175,0
1176,8176,0
1177,8177,0
1178,8178,0
1179,8179,0
1180,8180,1
1181,8181,1
1182,8182,1
1183,8183,0
1184,8184,1
1185,8185,0
1186,8186,1
1187,8187,1
1188,8188,0
1189,8189,2
1190,8190,1
1191,8191,1
1192,8192,1
1193,8193,2
1194,8194,0
1195,8195,1
1196,8196,0
1197,8197,1
1198,8198,1
1199,8199,2
1200,8200,0
1201,8201,0
1202,8202,0
1203,8203,0
1204,8204,1
1205,8205,0
1206,8206,0
1207,8207,1
1208,8208,0
1209,8209,0
1210,8210,0
1211,8211,0
1212,8212,0
1213,8213,1
1214,8214,1
1215,8215,1
1216,8216,1
1217,8217,1
1218,8218,0
1219,8219,0
1220,8220,0
1221,8221,1
1222,8222,1
1223,8223,0
1224,8224,1
1225,8225,1
1226,8226,0
1227,8227,0
1228,8228,1
1229,8229,0
1230,8230,0
1231,8231,0
1232,8232,0
1233,8233,0
1234,8234,1
1235,8235,1
1236,8236,0
1237,8237,0
1238,8238,1
1239,8239,0
1240,8240,1
1241,8241,0
1242,8242,1
1243,8243,0
1244,8244,2
1245,8245,1
1246,8246,0
1247,8247,0
1248,8248,0
1249,8249,1
1250,8250,0
1251,8251,1
1252,8252,1
1253,8253,1
1254,8254,0
1255,8255,0
1256,8256,0
1257,8257,0
1258,8258,1
1259,8259,0
1260,8260,1
1261,8261,0
1262,8262,0
1263,8263,1
1264,8264,2
1265,8265,1
1266,8266,0
1267,8267,0
1268,8268,0
1269,8269,1
1270,8270,1
1271,8271,0
1272,8272,1
1273,8273,1
1274,8274,1
1275,8275,1
1276,8276,0
1277,8277,1
1278,8278,1
1279,8279,0
1280,8280,0
1281,8281,1
1282,8282,1
1283,8283,1
1284,8284,0
1285,8285,0
1286,8286,1
1287,8287,1
1288,8288,0
1289,8289,1
1290,8290,0
1291,8291,1
1292,8292,2
1293,8293,1
1294,8294,1
1295,8295,0
1296,8296,0
1297,8297,1
1298,8298,0
1299,8299,0
1300,8300,1
1301,8301,0
1302,8302,0
1303,8303,1
1304,8304,0
1305,8305,1
1306,8306,0
1307,8307,1
1308,8308,0
1309,8309,1
1310,8310,0
1311,8311,1
1312,8312,0
1313,8313,1
1314,8314,0
1315,8315,0
1316,8316,0
1317,8317,0
1318,8318,1
1319,8319,1
1320,8320,1
1321,8321,0
1322,8322,0
1323,8323,0
1324,8324,1
1325,8325,1
1326,8326,0
1327,8327,1
1328,8328,0
1329,8329,1
1330,8330,0
1331,8331,1
1332,8332,0
1333,8333,0
1334,8334,0
1335,8335,1
1336,8336,0
1337,8337,1
1338,8338,0
1339,8339,1
1340,8340,0
1341,8341,0
1342,8342,0
1343,8343,1
1344,8344,0
1345,8345,1
1346,8346,1
1347,8347,1
1348,8348,1
1349,8349,1
1350,8350,1
1351,8351,0
1352,8352,0
1353,8353,0
1354,8354,0
1355,8355,0
1356,8356,1
1357,8357,0
1358,8358,1
1359,8359,1
1360,8360,1
1361,8361,0
1362,8362,0
1363,8363,0
1364,8364,1
1365,8365,1
1366,8366,1
1367,8367,1
1368,8368,0
1369,8369,1
1370,8370,2
1371,8371,0
1372,8372,0
1373,8373,1
1374,8374,0
1375,8375,0
1376,8376,1
1377,8377,0
1378,8378,0
1379,8379,1
1380,8380,2
1381,8381,1
1382,8382,1
1383,8383,1
1384,8384,0
1385,8385,2
1386,8386,0
1387,8387,0
1388,8388,1
1389,8389,0
1390,8390,0
1391,8391,0
1392,8392,1
1393,8393,1
1394,8394,0
1395,8395,2
1396,8396,0
1397,8397,1
1398,8398,1
1399,8399,0
1400,8400,1
1401,8401,2
1402,8402,1
1403,8403,1
1404,8404,1
1405,8405,0
1406,8406,0
1407,8407,1
1408,8408,0
1409,8409,1
1410,8410,1
1411,8411,0
1412,8412,0
1413,8413,0
1414,8414,0
1415,8415,0
1416,8416,1
1417,8417,1
1418,8418,0
1419,8419,0
1420,8420,1
1421,8421,1
1422,8422,0
1423,8423,0
1424,8424,0
1425,8425,1
1426,8426,1
1427,8427,1
1428,8428,0
1429,8429,1
1430,8430,1
1431,8431,1
1432,8432,0
1433,8433,1
1434,8434,1
1435,8435,0
1436,8436,0
1437,8437,0
1438,8438,1
1439,8439,0
1440,8440,1
1441,8441,0
1442,8442,0
1443,8443,1
1444,8444,0
1445,8445,1
1446,8446,0
1447,8447,0
1448,8448,1
1449,8449,0
1450,8450,1
1451,8451,0
1452,8452,0
1453,8453,0
1454,8454,0
1455,8455,0
1456,8456,0
1457,8457,1
1458,8458,1
1459,8459,0
1460,8460,1
1461,8461,0
1462,8462,1
1463,8463,0
1464,8464,0
1465,8465,0
1466,8466,0
1467,8467,1
1468,8468,0
1469,8469,0
1470,8470,0
1471,8471,1
1472,8472,2
1473,8473,0
1474,8474,1
1475,8475,1
1476,8476,0
1477,8477,0
1478,8478,0
1479,8479,0
1480,8480,1
1481,8481,1
1482,8482,0
1483,8483,0
1484,8484,1
1485,8485,0
1486,8486,1
1487,8487,1
1488,8488,1
1489,8489,1
1490,8490,0
1491,8491,0
1492,8492,1
1493,8493,1
1494,8494,1
1495,8495,0
1496,8496,0
1497,8497,0
1498,8498,0
1499,8499,0
1500,8500,0
1501,8501,1
1502,8502,1
1503,8503,0
1504,8504,1
1505,8505,0
1506,8506,0
1507,8507,0
1508,8508,1
1509,8509,1
1510,8510,1
1511,8511,0
1512,8512,1
1513,8513,2
1514,8514,2
1515,8515,1
1516,8516,1
1517,8517,1
1518,8518,1
1519,8519,0
1520,8520,0
1521,8521,0
1522,8522,0
1523,8523,1
1524,8524,1
1525,8525,0
1526,8526,0
1527,8527,1
1528,8528,1
1529,8529,0
1530,8530,0
1531,8531,1
1532,8532,0
1533,8533,1
1534,8534,1
1535,8535,0
1536,8536,0
1537,8537,2
1538,8538,0
1539,8539,0
1540,8540,1
1541,8541,1
1542,8542,0
1543,8543,0
1544,8544,1
1545,8545,1
1546,8546,0
1547,8547,0
1548,8548,1
1549,8549,0
1550,8550,2
1551,8551,0
1552,8552,1
1553,8553,0
1554,8554,1
1555,8555,1
1556,8556,0
1557,8557,0
1558,8558,2
1559,8559,1
1560,8560,0
1561,8561,1
1562,8562,1
1563,8563,0
1564,8564,0
1565,8565,1
1566,8566,1
1567,8567,0
1568,8568,2
1569,8569,1
1570,8570,0
1571,8571,1
1572,8572,1
1573,8573,1
1574,8574,1
1575,8575,1
1576,8576,1
1577,8577,0
1578,8578,1
1579,8579,1
1580,8580,1
1581,8581,0
1582,8582,1
1583,8583,1
1584,8584,0
1585,8585,1
1586,8586,0
1587,8587,1
1588,8588,0
1589,8589,0
1590,8590,0
1591,8591,1
1592,8592,2
1593,8593,1
1594,8594,1
1595,8595,1
1596,8596,1
1597,8597,1
1598,8598,1
1599,8599,1
1600,8600,0
1601,8601,0
1602,8602,1
1603,8603,0
1604,8604,0
1605,8605,2
1606,8606,2
1607,8607,0
1608,8608,1
1609,8609,0
1610,8610,0
1611,8611,1
1612,8612,0
1613,8613,0
1614,8614,1
1615,8615,0
1616,8616,1
1617,8617,2
1618,8618,0
1619,8619,1
1620,8620,2
1621,8621,0
1622,8622,0
1623,8623,1
1624,8624,1
1625,8625,1
1626,8626,0
1627,8627,0
1628,8628,1
1629,8629,0
1630,8630,0
1631,8631,1
1632,8632,1
1633,8633,0
1634,8634,1
1635,8635,1
1636,8636,0
1637,8637,0
1638,8638,0
1639,8639,0
1640,8640,0
1641,8641,0
1642,8642,1
1643,8643,0
1644,8644,1
1645,8645,0
1646,8646,1
1647,8647,0
1648,8648,2
1649,8649,1
1650,8650,1
1651,8651,1
1652,8652,1
1653,8653,0
1654,8654,0
1655,8655,0
1656,8656,1
1657,8657,0
1658,8658,1
1659,8659,0
1660,8660,2
1661,8661,0
1662,8662,0
1663,8663,0
1664,8664,0
1665,8665,0
1666,8666,0
1667,8667,0
1668,8668,1
1669,8669,1
1670,8670,0
1671,8671,1
1672,8672,1
1673,8673,0
1674,8674,1
1675,8675,0
1676,8676,0
1677,8677,0
1678,8678,1
1679,8679,0
1680,8680,1
1681,8681,1
1682,8682,0
1683,8683,0
1684,8684,1
1685,8685,1
1686,8686,1
1687,8687,0
1688,8688,0
1689,8689,0
1690,8690,1
1691,8691,1
1692,8692,0
1693,8693,0
1694,8694,0
1695,8695,0
1696,8696,0
1697,8697,0
1698,8698,1
1699,8699,1
1700,8700,1
1701,8701,0
1702,8702,0
1703,8703,0
1704,8704,1
1705,8705,1
1706,8706,1
1707,8707,0
1708,8708,1
1709,8709,1
1710,8710,1
1711,8711,1
1712,8712,0
1713,8713,1
1714,8714,1
1715,8715,0
1716,8716,1
1717,8717,0
1718,8718,0
1719,8719,0
1720,8720,1
1721,8721,0
1722,8722,1
1723,8723,0
1724,8724,1
1725,8725,1
1726,8726,0
1727,8727,0
1728,8728,1
1729,8729,1
1730,8730,0
1731,8731,0
1732,8732,0
1733,8733,1
1734,8734,1
1735,8735,0
1736,8736,0
1737,8737,1
1738,8738,0
1739,8739,0
1740,8740,1
1741,8741,1
1742,8742,0
1743,8743,1
1744,8744,0
1745,8745,1
1746,8746,1
1747,8747,0
1748,8748,1
1749,8749,0
1750,8750,1
1751,8751,1
1752,8752,1
1753,8753,1
1754,8754,1
1755,8755,0
1756,8756,1
1757,8757,0
1758,8758,1
1759,8759,1
1760,8760,1
1761,8761,1
1762,8762,1
1763,8763,1
1764,8764,0
1765,8765,0
1766,8766,1
1767,8767,0
1768,8768,1
1769,8769,0
1770,8770,1
1771,8771,1
1772,8772,1
1773,8773,1
1774,8774,1
1775,8775,0
1776,8776,0
1777,8777,1
1778,8778,0
1779,8779,0
1780,8780,1
1781,8781,1
1782,8782,0
1783,8783,0
1784,8784,1
1785,8785,2
1786,8786,1
1787,8787,0
1788,8788,1
1789,8789,1
1790,8790,1
1791,8791,0
1792,8792,1
1793,8793,0
1794,8794,0
1795,8795,0
1796,8796,0
1797,8797,1
1798,8798,0
1799,8799,0
1800,8800,0
1801,8801,1
1802,8802,0
1803,8803,0
1804,8804,1
1805,8805,1
1806,8806,1
1807,8807,0
1808,8808,1
1809,8809,0
1810,8810,0
1811,8811,0
1812,8812,0
1813,8813,1
1814,8814,0
1815,8815,0
1816,8816,0
1817,8817,0
1818,8818,0
1819,8819,0
1820,8820,1
1821,8821,1
1822,8822,0
1823,8823,1
1824,8824,1
1825,8825,1
1826,8826,0
1827,8827,1
1828,8828,1
1829,8829,0
1830,8830,1
1831,8831,1
1832,8832,0
1833,8833,1
1834,8834,0
1835,8835,1
1836,8836,0
1837,8837,1
1838,8838,1
1839,8839,1
1840,8840,1
1841,8841,1
1842,8842,0
1843,8843,0
1844,8844,1
1845,8845,0
1846,8846,0
1847,8847,0
1848,8848,0
1849,8849,0
1850,8850,1
1851,8851,1
1852,8852,0
1853,8853,1
1854,8854,0
1855,8855,1
1856,8856,1
1857,8857,1
1858,8858,1
1859,8859,0
1860,8860,1
1861,8861,1
1862,8862,0
1863,8863,0
1864,8864,0
1865,8865,0
1866,8866,0
1867,8867,0
1868,8868,1
1869,8869,0
1870,8870,0
1871,8871,0
1872,8872,0
1873,8873,0
1874,8874,0
1875,8875,0
1876,8876,0
1877,8877,0
1878,8878,2
1879,8879,0
1880,8880,0
1881,8881,1
1882,8882,0
1883,8883,0
1884,8884,0
1885,8885,1
1886,8886,0
1887,8887,1
1888,8888,1
1889,8889,0
1890,8890,1
1891,8891,1
1892,8892,1
1893,8893,0
1894,8894,0
1895,8895,0
1896,8896,0
1897,8897,2
1898,8898,0
1899,8899,1
1900,8900,2
1901,8901,0
1902,8902,1
1903,8903,0
1904,8904,1
1905,8905,0
1906,8906,0
1907,8907,0
1908,8908,0
1909,8909,2
1910,8910,1
1911,8911,1
1912,8912,0
1913,8913,1
1914,8914,1
1915,8915,1
1916,8916,0
1917,8917,2
1918,8918,0
1919,8919,0
1920,8920,0
1921,8921,1
1922,8922,1
1923,8923,2
1924,8924,1
1925,8925,1
1926,8926,0
1927,8927,0
1928,8928,0
1929,8929,0
1930,8930,1
1931,8931,0
1932,8932,0
1933,8933,0
1934,8934,0
1935,8935,0
1936,8936,1
1937,8937,1
1938,8938,0
1939,8939,0
1940,8940,0
1941,8941,0
1942,8942,1
1943,8943,1
1944,8944,0
1945,8945,1
1946,8946,1
1947,8947,0
1948,8948,1
1949,8949,0
1950,8950,0
1951,8951,1
1952,8952,0
1953,8953,1
1954,8954,1
1955,8955,1
1956,8956,1
1957,8957,0
1958,8958,1
1959,8959,1
1960,8960,0
1961,8961,1
1962,8962,1
1963,8963,1
1964,8964,0
1965,8965,0
1966,8966,1
1967,8967,1
1968,8968,0
1969,8969,1
1970,8970,1
1971,8971,0
1972,8972,1
1973,8973,0
1974,8974,0
1975,8975,0
1976,8976,1
1977,8977,0
1978,8978,0
1979,8979,1
1980,8980,1
1981,8981,2
1982,8982,1
1983,8983,0
1984,8984,2
1985,8985,1
1986,8986,2
1987,8987,0
1988,8988,0
1989,8989,1
1990,8990,0
1991,8991,0
1992,8992,1
1993,8993,1
1994,8994,1
1995,8995,0
1996,8996,1
1997,8997,0
1998,8998,0
1999,8999,0
2000,9000,2
2001,9001,0
2002,9002,0
2003,9003,0
2004,9004,0
2005,9005,0
2006,9006,1
2007,9007,1
2008,9008,1
2009,9009,0
2010,9010,1
2011,9011,2
2012,9012,1
2013,9013,0
2014,9014,1
2015,9015,0
2016,9016,0
2017,9017,1
2018,9018,1
2019,9019,1
2020,9020,1
2021,9021,0
2022,9022,1
2023,9023,0
2024,9024,0
2025,9025,0
2026,9026,1
2027,9027,0
2028,9028,1
2029,9029,0
2030,9030,0
2031,9031,1
2032,9032,0
2033,9033,0
2034,9034,0
2035,9035,1
2036,9036,0
2037,9037,1
2038,9038,0
2039,9039,0
2040,9040,0
2041,9041,1
2042,9042,0
2043,9043,1
2044,9044,1
2045,9045,0
2046,9046,0
2047,9047,1
2048,9048,0
2049,9049,0
2050,9050,0
2051,9051,0
2052,9052,1
2053,9053,1
2054,9054,2
2055,9055,0
2056,9056,0
2057,9057,1
2058,9058,1
2059,9059,0
2060,9060,1
2061,9061,0
2062,9062,0
2063,9063,0
2064,9064,0
2065,9065,1
2066,9066,0
2067,9067,1
2068,9068,0
2069,9069,1
2070,9070,0
2071,9071,1
2072,9072,0
2073,9073,0
2074,9074,1
2075,9075,1
2076,9076,1
2077,9077,1
2078,9078,0
2079,9079,0
2080,9080,1
2081,9081,0
2082,9082,1
2083,9083,1
2084,9084,0
2085,9085,0
2086,9086,2
2087,9087,1
2088,9088,0
2089,9089,1
2090,9090,1
2091,9091,0
2092,9092,1
2093,9093,1
2094,9094,1
2095,9095,1
2096,9096,1
2097,9097,1
2098,9098,1
2099,9099,1
2100,9100,0
2101,9101,0
2102,9102,1
2103,9103,0
2104,9104,0
2105,9105,0
2106,9106,0
2107,9107,1
2108,9108,1
2109,9109,1
2110,9110,1
2111,9111,1
2112,9112,1
2113,9113,0
2114,9114,2
2115,9115,1
2116,9116,1
2117,9117,1
2118,9118,1
2119,9119,0
2120,9120,1
2121,9121,1
2122,9122,0
2123,9123,0
2124,9124,0
2125,9125,1
2126,9126,1
2127,9127,1
2128,9128,0
2129,9129,0
2130,9130,1
2131,9131,0
2132,9132,0
2133,9133,2
2134,9134,1
2135,9135,1
2136,9136,0
2137,9137,0
2138,9138,0
2139,9139,0
2140,9140,1
2141,9141,1
2142,9142,0
2143,9143,1
2144,9144,0
2145,9145,0
2146,9146,0
2147,9147,1
2148,9148,1
2149,9149,1
2150,9150,0
2151,9151,1
2152,9152,1
2153,9153,0
2154,9154,1
2155,9155,0
2156,9156,1
2157,9157,0
2158,9158,1
2159,9159,1
2160,9160,1
2161,9161,0
2162,9162,0
2163,9163,0
2164,9164,0
2165,9165,0
2166,9166,1
2167,9167,1
2168,9168,1
2169,9169,0
2170,9170,0
2171,9171,1
2172,9172,1
2173,9173,1
2174,9174,1
2175,9175,0
2176,9176,0
2177,9177,1
2178,9178,1
2179,9179,1
2180,9180,1
2181,9181,0
2182,9182,1
2183,9183,0
2184,9184,1
2185,9185,0
2186,9186,0
2187,9187,1
2188,9188,0
2189,9189,2
2190,9190,0
2191,9191,1
2192,9192,0
2193,9193,0
2194,9194,0
2195,9195,1
2196,9196,0
2197,9197,1
2198,9198,0
2199,9199,0
2200,9200,1
2201,9201,1
2202,9202,2
2203,9203,0
2204,9204,1
2205,9205,0
2206,9206,2
2207,9207,0
2208,9208,1
2209,9209,0
2210,9210,0
2211,9211,0
2212,9212,0
2213,9213,0
2214,9214,0
2215,9215,0
2216,9216,1
2217,9217,1
2218,9218,2
2219,9219,1
2220,9220,1
2221,9221,2
2222,9222,0
2223,9223,0
2224,9224,0
2225,9225,1
2226,9226,1
2227,9227,1
2228,9228,0
2229,9229,0
2230,9230,0
2231,9231,1
2232,9232,1
2233,9233,0
2234,9234,1
2235,9235,0
2236,9236,0
2237,9237,1
2238,9238,0
2239,9239,1
2240,9240,0
2241,9241,0
2242,9242,0
2243,9243,1
2244,9244,0
2245,9245,0
2246,9246,1
2247,9247,1
2248,9248,0
2249,9249,0
2250,9250,1
2251,9251,0
2252,9252,0
2253,9253,1
2254,9254,0
2255,9255,2
2256,9256,1
2257,9257,1
2258,9258,0
2259,9259,0
2260,9260,0
2261,9261,0
2262,9262,0
2263,9263,1
2264,9264,0
2265,9265,1
2266,9266,1
2267,9267,0
2268,9268,1
2269,9269,0
2270,9270,1
2271,9271,1
2272,9272,0
2273,9273,2
2274,9274,1
2275,9275,1
2276,9276,0
2277,9277,0
2278,9278,1
2279,9279,0
2280,9280,1
2281,9281,2
2282,9282,0
2283,9283,0
2284,9284,1
2285,9285,1
2286,9286,2
2287,9287,0
2288,9288,1
2289,9289,1
2290,9290,1
2291,9291,0
2292,9292,1
2293,9293,2
2294,9294,0
2295,9295,1
2296,9296,1
2297,9297,1
2298,9298,0
2299,9299,0
2300,9300,1
2301,9301,1
2302,9302,1
2303,9303,0
2304,9304,1
2305,9305,0
2306,9306,0
2307,9307,1
2308,9308,1
2309,9309,0
2310,9310,1
2311,9311,1
2312,9312,0
2313,9313,0
2314,9314,1
2315,9315,0
2316,9316,1
2317,9317,2
2318,9318,0
2319,9319,0
2320,9320,1
2321,9321,1
2322,9322,1
2323,9323,2
2324,9324,0
2325,9325,0
2326,9326,1
2327,9327,2
2328,9328,1
2329,9329,0
2330,9330,1
2331,9331,0
2332,9332,1
2333,9333,1
2334,9334,1
2335,9335,1
2336,9336,1
2337,9337,1
2338,9338,0
2339,9339,0
2340,9340,0
2341,9341,2
2342,9342,1
2343,9343,0
2344,9344,0
2345,9345,1
2346,9346,2
2347,9347,0
2348,9348,1
2349,9349,1
2350,9350,2
2351,9351,1
2352,9352,1
2353,9353,0
2354,9354,1
2355,9355,0
2356,9356,2
2357,9357,0
2358,9358,1
2359,9359,1
2360,9360,0
2361,9361,0
2362,9362,0
2363,9363,1
2364,9364,1
2365,9365,0
2366,9366,0
2367,9367,0
2368,9368,1
2369,9369,1
2370,9370,0
2371,9371,0
2372,9372,1
2373,9373,0
2374,9374,1
2375,9375,0
2376,9376,1
2377,9377,0
2378,9378,1
2379,9379,1
2380,9380,1
2381,9381,1
2382,9382,0
2383,9383,0
2384,9384,1
2385,9385,0
2386,9386,0
2387,9387,0
2388,9388,0
2389,9389,0
2390,9390,1
2391,9391,0
2392,9392,1
2393,9393,1
2394,9394,1
2395,9395,2
2396,9396,0
2397,9397,1
2398,9398,0
2399,9399,2
2400,9400,1
2401,9401,1
2402,9402,2
2403,9403,1
2404,9404,0
2405,9405,2
2406,9406,1
2407,9407,1
2408,9408,0
2409,9409,0
2410,9410,0
2411,9411,0
2412,9412,1
2413,9413,0
2414,9414,1
2415,9415,1
2416,9416,1
2417,9417,1
2418,9418,1
2419,9419,0
2420,9420,0
2421,9421,0
2422,9422,1
2423,9423,1
2424,9424,0
2425,9425,1
2426,9426,0
2427,9427,0
2428,9428,0
2429,9429,1
2430,9430,0
2431,9431,1
2432,9432,0
2433,9433,1
2434,9434,0
2435,9435,0
2436,9436,1
2437,9437,1
2438,9438,0
2439,9439,0
2440,9440,1
2441,9441,0
2442,9442,1
2443,9443,1
2444,9444,1
2445,9445,1
2446,9446,1
2447,9447,0
2448,9448,0
2449,9449,0
2450,9450,0
2451,9451,1
2452,9452,1
2453,9453,0
2454,9454,1
2455,9455,0
2456,9456,0
2457,9457,1
2458,9458,0
2459,9459,0
2460,9460,0
2461,9461,0
2462,9462,0
2463,9463,1
2464,9464,2
2465,9465,0
2466,9466,0
2467,9467,1
2468,9468,0
2469,9469,2
2470,9470,0
2471,9471,1
2472,9472,0
2473,9473,0
2474,9474,1
2475,9475,0
2476,9476,0
2477,9477,1
2478,9478,1
2479,9479,1
2480,9480,0
2481,9481,0
2482,9482,0
2483,9483,0
2484,9484,0
2485,9485,0
2486,9486,2
2487,9487,1
2488,9488,0
2489,9489,1
2490,9490,0
2491,9491,1
2492,9492,1
2493,9493,1
2494,9494,1
2495,9495,0
2496,9496,1
2497,9497,0
2498,9498,0
2499,9499,0
2500,9500,1
2501,9501,1
2502,9502,1
2503,9503,0
2504,9504,1
2505,9505,1
2506,9506,0
2507,9507,0
2508,9508,0
2509,9509,1
2510,9510,0
2511,9511,1
2512,9512,0
2513,9513,0
2514,9514,0
2515,9515,1
2516,9516,0
2517,9517,1
2518,9518,1
2519,9519,1
2520,9520,0
2521,9521,0
2522,9522,0
2523,9523,0
2524,9524,2
2525,9525,1
2526,9526,0
2527,9527,0
2528,9528,2
2529,9529,0
2530,9530,0
2531,9531,1
2532,9532,0
2533,9533,1
2534,9534,0
2535,9535,0
2536,9536,0
2537,9537,0
2538,9538,0
2539,9539,1
2540,9540,1
2541,9541,0
2542,9542,1
2543,9543,1
2544,9544,0
2545,9545,1
2546,9546,0
2547,9547,1
2548,9548,1
2549,9549,0
2550,9550,0
2551,9551,0
2552,9552,2
2553,9553,0
2554,9554,0
2555,9555,2
2556,9556,1
2557,9557,0
2558,9558,0
2559,9559,0
2560,9560,0
2561,9561,1
2562,9562,0
2563,9563,1
2564,9564,2
2565,9565,1
2566,9566,0
2567,9567,1
2568,9568,0
2569,9569,1
2570,9570,1
2571,9571,1
2572,9572,0
2573,9573,0
2574,9574,1
2575,9575,1
2576,9576,1
2577,9577,1
2578,9578,0
2579,9579,1
2580,9580,0
2581,9581,0
2582,9582,1
2583,9583,1
2584,9584,0
2585,9585,1
2586,9586,1
2587,9587,0
2588,9588,1
2589,9589,2
2590,9590,0
2591,9591,2
2592,9592,1
2593,9593,2
2594,9594,1
2595,9595,0
2596,9596,0
2597,9597,1
2598,9598,0
2599,9599,1
2600,9600,1
2601,9601,1
2602,9602,1
2603,9603,0
2604,9604,0
2605,9605,0
2606,9606,0
2607,9607,0
2608,9608,1
2609,9609,1
2610,9610,0
2611,9611,1
2612,9612,1
2613,9613,0
2614,9614,1
2615,9615,1
2616,9616,0
2617,9617,1
2618,9618,1
2619,9619,1
2620,9620,2
2621,9621,1
2622,9622,1
2623,9623,0
2624,9624,0
2625,9625,0
2626,9626,2
2627,9627,1
2628,9628,1
2629,9629,0
2630,9630,1
2631,9631,1
2632,9632,1
2633,9633,1
2634,9634,0
2635,9635,1
2636,9636,0
2637,9637,0
2638,9638,0
2639,9639,1
2640,9640,1
2641,9641,1
2642,9642,2
2643,9643,0
2644,9644,0
2645,9645,1
2646,9646,0
2647,9647,1
2648,9648,1
2649,9649,0
2650,9650,1
2651,9651,0
2652,9652,0
2653,9653,2
2654,9654,0
2655,9655,1
2656,9656,1
2657,9657,0
2658,9658,1
2659,9659,0
2660,9660,1
2661,9661,1
2662,9662,1
2663,9663,1
2664,9664,1
2665,9665,0
2666,9666,1
2667,9667,1
2668,9668,1
2669,9669,1
2670,9670,2
2671,9671,1
2672,9672,1
2673,9673,0
2674,9674,0
2675,9675,0
2676,9676,0
2677,9677,1
2678,9678,0
2679,9679,0
2680,9680,0
2681,9681,1
2682,9682,1
2683,9683,0
2684,9684,1
2685,9685,1
2686,9686,2
2687,9687,0
2688,9688,1
2689,9689,1
2690,9690,1
2691,9691,1
2692,9692,1
2693,9693,0
2694,9694,1
2695,9695,1
2696,9696,0
2697,9697,0
2698,9698,0
2699,9699,1
2700,9700,2
2701,9701,1
2702,9702,0
2703,9703,0
2704,9704,0
2705,9705,1
2706,9706,1
2707,9707,0
2708,9708,1
2709,9709,2
2710,9710,0
2711,9711,2
2712,9712,1
2713,9713,1
2714,9714,0
2715,9715,1
2716,9716,1
2717,9717,0
2718,9718,0
2719,9719,0
2720,9720,0
2721,9721,0
2722,9722,0
2723,9723,0
2724,9724,1
2725,9725,1
2726,9726,0
2727,9727,1
2728,9728,0
2729,9729,0
2730,9730,2
2731,9731,1
2732,9732,1
2733,9733,0
2734,9734,1
2735,9735,2
2736,9736,0
2737,9737,0
2738,9738,1
2739,9739,0
2740,9740,1
2741,9741,2
2742,9742,0
2743,9743,1
2744,9744,0
2745,9745,0
2746,9746,1
2747,9747,0
2748,9748,0
2749,9749,0
2750,9750,1
2751,9751,0
2752,9752,0
2753,9753,1
2754,9754,0
2755,9755,0
2756,9756,0
2757,9757,1
2758,9758,1
2759,9759,0
2760,9760,0
2761,9761,1
2762,9762,0
2763,9763,1
2764,9764,0
2765,9765,0
2766,9766,1
2767,9767,1
2768,9768,0
2769,9769,1
2770,9770,1
2771,9771,1
2772,9772,1
2773,9773,1
2774,9774,0
2775,9775,1
2776,9776,0
2777,9777,0
2778,9778,1
2779,9779,1
2780,9780,0
2781,9781,1
2782,9782,0
2783,9783,1
2784,9784,0
2785,9785,2
2786,9786,1
2787,9787,1
2788,9788,0
2789,9789,0
2790,9790,1
2791,9791,1
2792,9792,1
2793,9793,0
2794,9794,0
2795,9795,1
2796,9796,0
2797,9797,1
2798,9798,1
2799,9799,1
2800,9800,0
2801,9801,1
2802,9802,1
2803,9803,1
2804,9804,1
2805,9805,1
2806,9806,0
2807,9807,0
2808,9808,0
2809,9809,1
2810,9810,0
2811,9811,0
2812,9812,1
2813,9813,0
2814,9814,1
2815,9815,0
2816,9816,1
2817,9817,0
2818,9818,2
2819,9819,1
2820,9820,1
2821,9821,1
2822,9822,0
2823,9823,1
2824,9824,0
2825,9825,0
2826,9826,1
2827,9827,0
2828,9828,0
2829,9829,2
2830,9830,1
2831,9831,1
2832,9832,1
2833,9833,0
2834,9834,1
2835,9835,1
2836,9836,0
2837,9837,0
2838,9838,0
2839,9839,1
2840,9840,1
2841,9841,0
2842,9842,1
2843,9843,0
2844,9844,1
2845,9845,0
2846,9846,0
2847,9847,0
2848,9848,1
2849,9849,0
2850,9850,1
2851,9851,1
2852,9852,0
2853,9853,1
2854,9854,0
2855,9855,1
2856,9856,0
2857,9857,0
2858,9858,0
2859,9859,1
2860,9860,0
2861,9861,1
2862,9862,1
2863,9863,0
2864,9864,0
2865,9865,1
2866,9866,0
2867,9867,1
2868,9868,1
2869,9869,1
2870,9870,0
2871,9871,0
2872,9872,0
2873,9873,1
2874,9874,0
2875,9875,0
2876,9876,0
2877,9877,1
2878,9878,2
2879,9879,2
2880,9880,2
2881,9881,0
2882,9882,0
2883,9883,1
2884,9884,1
2885,9885,1
2886,9886,0
2887,9887,1
2888,9888,1
2889,9889,1
2890,9890,1
2891,9891,1
2892,9892,0
2893,9893,0
2894,9894,2
2895,9895,2
2896,9896,0
2897,9897,1
2898,9898,1
2899,9899,0
2900,9900,1
2901,9901,2
2902,9902,0
2903,9903,0
2904,9904,0
2905,9905,0
2906,9906,1
2907,9907,0
2908,9908,0
2909,9909,1
2910,9910,0
2911,9911,0
2912,9912,0
2913,9913,0
2914,9914,1
2915,9915,1
2916,9916,0
2917,9917,1
2918,9918,0
2919,9919,0
2920,9920,2
2921,9921,1
2922,9922,0
2923,9923,0
2924,9924,0
2925,9925,1
2926,9926,0
2927,9927,1
2928,9928,1
2929,9929,1
2930,9930,0
2931,9931,1
2932,9932,1
2933,9933,0
2934,9934,1
2935,9935,0
2936,9936,1
2937,9937,1
2938,9938,1
2939,9939,2
2940,9940,0
2941,9941,1
2942,9942,0
2943,9943,0
2944,9944,1
2945,9945,1
2946,9946,0
2947,9947,0
2948,9948,1
2949,9949,1
2950,9950,0
2951,9951,0
2952,9952,1
2953,9953,1
2954,9954,0
2955,9955,1
2956,9956,1
2957,9957,1
2958,9958,1
2959,9959,1
2960,9960,1
2961,9961,0
2962,9962,1
2963,9963,0
2964,9964,0
2965,9965,1
2966,9966,1
2967,9967,1
2968,9968,1
2969,9969,0
2970,9970,0
2971,9971,0
2972,9972,0
2973,9973,1
2974,9974,1
2975,9975,0
2976,9976,1
2977,9977,0
2978,9978,0
2979,9979,0
2980,9980,0
2981,9981,1
2982,9982,1
2983,9983,0
2984,9984,1
2985,9985,1
2986,9986,0
2987,9987,1
2988,9988,0
2989,9989,1
2990,9990,1
2991,9991,0
2992,9992,0
2993,9993,0
2994,9994,0
2995,9995,1
2996,9996,0
2997,9997,1
2998,9998,0
2999,9999,2
